{
  "feats": [
    "micro_gap",
    "imb_c",
    "spread_bps",
    "ofi_5s",
    "sv_5s",
    "ret_1s"
  ],
  "mean": [
    -0.0011697303307646437,
    -0.016160288460382633,
    0.07078390115731426,
    -16476.394233275216,
    3027.9981270326352,
    0.0013504246919921366
  ],
  "std": [
    0.03461469477340784,
    0.3330336360659598,
    0.06745581741875716,
    350547.75283702835,
    134562.2634006901,
    0.5382002478332317
  ],
  "coef": [
    0.020576444944508505,
    0.09771902691000486,
    0.011946828796592998,
    0.016529858460937887,
    0.005462029370241086,
    0.049359218215425035
  ],
  "intercept": 0.0013504246919921374
}