{
  "feats": [
    "rv_5s",
    "rv_30s",
    "rv_60s",
    "rv_5m",
    "spread_bps"
  ],
  "mean": [
    0.4838328257156981,
    1.7626046345789421,
    2.68591037244814,
    6.517397483085267,
    0.07078462225090315
  ],
  "std": [
    0.8250203840218168,
    1.5428629268520784,
    1.9389924979402813,
    3.5166577130931564,
    0.06746720922463084
  ],
  "coef": [
    0.05707757392885225,
    0.17432132854951504,
    0.21776298777420353,
    0.6024814410787481,
    0.014901855612142597
  ],
  "intercept": -0.3789477244311921
}